Grapheme	IPA	SCA	FREQUENCY	Frequence	EXAMPLES	Codepoints
^	NULL		40217	NULL	kʷuti-k;n-uyu-k;toiŋo-k;miti-k;kʷutu-k	NULL
$	NULL		44228	NULL	kʷuti-k;n-uyu-k;toiŋo-k;miti-k;kʷutu-k	NULL
-$	NULL		1136	NULL	bwozo-;li-;dalŋe-;bwa-ŋsu-;ᵐpatu-	NULL
^-	NULL		5147	NULL	-ru;-li;-hi;-kita;-lfe	NULL
a	a	A	38660	37099	ᵏpʷatu-k;manu-k;na-ᵏpʷtu-k;na-βlu-k;na-ᵏpʷuru-k	U+0061
a:	aː	A	1	NULL	mata:-ᵑku	NULL
aa	aː	A	1	2	ɣaaŋ	U+0061 U+0061
a·	aˑ	A	22	NULL	pa·tu;kauk_ka·pa;n-a·nu-k;apa·p;pa·p	NULL
a‧	aˑ	A	208	NULL	ma‧ta;bʷa‧se-;ta‧tope;na‧n;ma‧pe	NULL
f	f	B	1495	1413	fulu-ᵑgu;fa-mso-ᵑk;fulu-k;fulu-m;fulu-ᵑku	U+0066
v	v	B	7	7	vatˢae;mamava-k;vaᵐban;vatˢen;navarve	U+0076
β	β	B	6891	6703	βile-k;βili-k;βülü-k;βulu-k;βili-k	U+03b2
fʷ	fʷ	B	1	NULL	rufʷie	NULL
v̈	v̺	B	147	147	v̈ahu-k;v̈atə-k;v̈atə-k;laev̈a-k;v̈ihiɣol	U+0076 U+0308
βʷ	βʷ	B	161	159	βʷaβʷa-k;βʷaβʷa-k;βʷa-ᵑgu;βʷaβʷa-k;βʷaβʷa-k	U+03b2 U+02b7
ββ	βː	B	1	3	raββe-k	U+03b2 U+03b2
ᵐβʷ	ⁿβʷ	B	1	NULL	-ᵐβʷiβʷin	NULL
c	c	C	6	6	cou_yep;mʷacina;ŋo-parmʷec;marancea;čcčo	U+0063
ts	ts	C	5	5	lanutsu-;potsu-;na-tspl-n;ᵐbotsla-k;na-latsi-k	U+0074 U+0073
tˢ	ts	C	745	727	tˢaliɣa-ku;tˢiplæ-ŋ;tˢilβi;nə-xafəntˢələn;tˢiŋo-	U+0074 U+02e2
ð	ð	D	184	169	œβüð-;ɛðɛlhœ-;puðu-;mða-;œnɒð-	U+00f0
θ	θ	D	76	69	θonu-k;n̥aθe-k;θetˢu-;θɛču-ŋ;θəpʷə-k	U+03b8
ðð	ðː	D	3	3	aðði;aðði_βar;œβɒraðði	U+00f0 U+00f0
e	e	E	16591	16024	delŋo-k;ⁿdelŋo-k;ne-dɛlŋɛ-k;βile-k;delŋo-k	U+0065
æ	æ	E	978	940	tˢiplæ-ŋ;nə-pæsæŋa-k;nə-pæsæŋa-k;nu-ma-tælŋa-k;mʷa-tæliŋo-k	U+00e6
ə	ə	E	3733	3566	na-βəle;ne-ngingə;ᵐbarə-ᵑk;nə-βro;no-ɣonsə-ᵑk	U+0259
ɛ	ɛ	E	341	314	ne-dɛlŋɛ-k;ne-dɛlŋɛ-k;pɛro-ku;ɛðɛlhœ-;ɛðɛlhœ-	U+025b
e·	eˑ	E	2	NULL	pe·pe;na-le·pa	NULL
e̥	e̥	E	1	NULL	-lue̥	NULL
e‧	eˑ	E	27	NULL	te‧te;peɣe‧;pe‧pe;pe‧pe;ke‧ru	NULL
ɛ:	ɛː	E	2	2	pɛ:te;pɛ:t	U+025b U+003a
ɛ‧	ɛˑ	E	1	NULL	mɛ‧tˢ	NULL
x	x	G	1198	1186	xansi-ŋ;na-siβüx;na-xunsu-ᵑk;na-xunusu-ᵑk;xersa-ᵑk	U+0078
ɣ	ɣ	G	2904	2842	tˢaliɣa-ku;ɣoɣo-ku;ɣoɣo-ku;βuɣera-ᵐbaru;no-ɣonsə-ᵑk	U+0263
xʷ	xʷ	G	8	8	manoxʷa;saxʷana;na-ᵑgaxʷane;na-xʷe;tumano-xʷo	U+0078 U+02b7
ɣʷ	ɣʷ	G	17	15	ɣʷawa-ᵑgu;ɣʷiriu;dao-ɣʷai;ɣʷaŋa;ɣʷose	U+0263 U+02b7
h	h	H	2605	2493	hansø-ŋ;pʷariŋanhu-ᵑgu;malhu-ku;malhu-ku;malihu	U+0068
ɦ	ɦ	H	1	NULL	ssɨnəsəɦ	NULL
ʔ	ʔ	H	44	40	kʷiʔi-k;ᵏpʷiʔi-k;ᵏpʷiʔik;no-ʔu;na-ᵐbʷaʔi-ŋ	U+0294
ˀ	ʔ	H	819	19	putu-ˀu;wulu-ˀu;ɔnnɔ-ˀu;nunɔ-ˀu;patu-ˀu	U+02c0
ˤ	ʕ	H	67	NULL	ˤumi-ˀu;paˤasau-ˀu;ˤon;ˤarasi-ˀu;ˤanara	NULL
i	i	I	21927	21284	kʷuti-k;toiŋo-k;miti-k;miti-k;ᵏpʷiči-k	U+0069
ɨ	ɨ	I	35	27	ɔsɨŋɔ-;fɨlɨn-ese-;fɨlɨn-ese-;ɔko-ðɨlŋɒ-;sɨplu-	U+0268
ɯ	ɯ	I	2	NULL	ⁿdiŋaⁿdiŋanɯði-;sɯⁿdyaɣ	NULL
i:	iː	I	1	NULL	hi:mi	NULL
ii	iː	I	13	12	ni-ᵐbiin;fiot_iᵐbii-k;mʷiir;amaii;i-iil	U+0069 U+0069
i̥	i̥	I	5	NULL	tali̥;melasi̥;maⁿdili̥;taβalahi̥;-ali̥	NULL
i‧	iˑ	I	51	NULL	pi‧la;mʷi‧;βi‧n;tamati‧ti;n-i‧m	NULL
y	j	J	1046	1029	n-uyu-k;fiyo_ouru;yiwo-k;na-ŋyɛ-k;ni-ᵐpəɣya-ᵑk	U+0079
g	g	K	132	512	ne-ngingə;ne-ngingə;ngarsenk;kʰug;ngəsə-n	U+0067
k	k	K	9291	9346	kʷuti-k;n-uyu-k;toiŋo-k;miti-k;kʷutu-k	U+006b
gʷ	gʷ	K	5	18	kʷaŋ-gʷai;ŋgʷiloⁿdo;ᵑgʷangʷanu;oragʷe;aragʷe	U+0067 U+02b7
kk	kː	K	2	2	kekke;kkœrœr	U+006b U+006b
kʰ	kʰ	K	1	NULL	kʰug	NULL
kʷ	kʷ	K	472	467	kʷuti-k;kʷutu-k;kʷutu-k;ni-kʷti-k;kʷiʔi-k	U+006b U+02b7
ᵏp	kp	K	4	2	na-koᵏpkoᵏp;na-koᵏpkoᵏp;reᵏp;-ᵏparia	U+1d4f U+0070
ᵑg	ⁿg	K	1031	636	ᵑgʷatu-ᵑgu;ulu-ᵑgu;ᵑgʷoro-ᵑgu;lisu-ᵑgu;ᵑgʷatu-ᵑgu	U+1d51 U+0067
ᵑk	ⁿk	K	629	448	ᵐba-ᵑk;li-ᵑk;ᵐban-tilña-ᵑk;fa-mso-ᵑk;ᵑkalina-	U+1d51 U+006b
ᵏpʷ	kpʷ	K	192	131	ᵏpʷiči-k;ᵏpʷatu-k;ᵏpʷoro-k;ᵏpʷiʔi-k;ᵏpʷutu-k	U+1d4f U+0070 U+02b7
ᵑgʷ	ⁿgʷ	K	59	45	ᵑgʷatu-ᵑgu;ᵑgʷoro-ᵑgu;ᵑgʷatu-ᵑgu;ᵑgʷero-ᵑgu;ᵑgʷaŋo-ᵑgu	U+1d51 U+0067 U+02b7
ᵑkʷ	ⁿkʷ	K	1	NULL	-aᵑkʷas	NULL
ᵑgʷ̣	ⁿgʷ	K	1	NULL	tiᵑgʷ̣a-ᵑgu	NULL
l	l	L	11446	11126	lu-k;delŋo-k;wulu-k;ⁿdelŋo-k;li-k	U+006c
ll	lː	L	30	28	tallna-;surko-lla-k;na-lla-k;na-lla-k;kelllə-k	U+006c U+006c
lʷ	lʷ	L	1	NULL	mʷəlʷdok	NULL
l̥	l̥	L	73	73	na-l̥ua-k;na-l̥œ-k;no-l̥i-k;no-l̥i-k;səmun_bal̥e-k	U+006c U+0325
m	m	M	10935	10739	miti-k;mudu-k;muⁿd-k;müⁿdü-k;ni-mdi-k	U+006d
mm	mː	M	13	13	məmme-ɣ;mammloti-;ne-mmeniau;nə-mmat;na-nmemmenis	U+006d U+006d
mʷ	mʷ	M	1427	1405	paru-mʷa;βilu_paru-mʷa;kilŋa-mʷa;kunu-mʷa;nə-mʷai-nu-kʷanea-k	U+006d U+02b7
m̈	m̺	M	251	246	m̈em̈e-;m̈em̈e-;m̈em̈e-;m̈em̈e-;m̈em̈e-ku	U+006d U+0308
m̥	m̥	M	51	49	na-m̥ta-k;kam̥alim̥al;kam̥alim̥al;knam̥aləm̥al;knam̥aləm̥al	U+006d U+0325
mmʷ	mʷː	M	1	NULL	nmʷammʷa	NULL
m̥ʷ	m̥ʷ	M	26	26	nu-m̥ʷeri-k;nə-m̥ʷerə-k;nə-m̥ʷere-n;nə-m̥ʷerə-n;kəm̥ʷau	U+006d U+0325 U+02b7
n	n	N	18215	17960	n-uyu-k;ⁿdœlnœ-k;ni-kʷti-k;n-ili-k;ne-dɛlŋɛ-k	U+006e
ñ	ɲ	N	129	129	ᵐban-tilña-ᵑk;raiñe-ŋ;ⁿdalñe-ŋ;ⁿdeliño-k;ⁿdeliño-k	U+00f1
ŋ	ŋ	N	4069	3987	toiŋo-k;delŋo-k;ⁿdelŋo-k;ne-dɛlŋɛ-k;delŋo-k	U+014b
ᵑ	ŋ	N	5	2	aᵑand;na-ᵑai;tuaᵑa;miᵑut;-xaxaᵑd	NULL
nn	nː	N	14	16	ɔnnɔ-ˀu;nə-pʷənnəpʷən;no-wennowen;ɔnnokar;nanno	U+006e U+006e
nʷ	nʷ	N	6	7	nə-nʷaŋ-nal̥e;nʷaxata;nʷaɣata;nʷe-se;nʷa-taktak	U+006e U+02b7
n̥	n̥	N	101	97	nu-pʷaŋ-nan̥a-k;nə-pʷaŋ-nan̥a-k;ᵐbaŋ-nan̥a-k;nə-pʷaŋ-n̥aŋə-n;nə-pʷə-n̥aŋo-k	U+006e U+0325
n‧	nˑ	N	1	NULL	mi-manin‧	NULL
ñ̥	ɲ̊	N	1	NULL	na-pʷaŋ-ñ̥iŋi-k	NULL
ŋʷ	ŋʷ	N	92	91	ŋʷarasa;woŋʷal;woŋʷal;ⁿdiŋʷaŋo-ᵑgu;ⁿdiŋʷaŋo-ᵑgu	U+014b U+02b7
ɒ	ɒ	O	34	28	œβrɒ-;œβɒr-;œnɒ-;œnɒð-;n-øl_œβɛhɒ-	U+0252
b	b	P	365	1352	buču-k;bwozo-;bwa-ŋsu-;batu-k;boro-k	U+0062
p	p	P	4196	4348	putu-ˀu;patu-ku;pa·tu;patu-ˀu;patu-ku	U+0070
bʳ	bʳ	P	1	2	sebʳenok	U+0062 U+02b3
bʷ	bʷ	P	45	131	isibʷa;čibʷa-k;bʷa-k;bʷa‧se-;n-bʷaŋ	U+0062 U+02b7
ph	pʰ	P	2	2	ne-phoɣ;-pha	U+0070 U+0068
pp	pː	P	4	5	ne-ppa-n;na-pprai;ppe;ppinə	U+0070 U+0070
pʰ	pʰ	P	1	NULL	pʰaŋe	NULL
pʷ	pʷ	P	625	681	pʷatu-ku;pʷero-ku;pʷariŋanhu-ᵑgu;pʷatu-ku;pʷatu-ku	U+0070 U+02b7
p̈	p̺	P	125	123	p̈erp̈ari-;p̈erp̈ari-;p̈isu-patupoi;p̈uhu-k;p̈ito-k	U+0070 U+0308
ᵐb	ⁿb	P	2640	1621	ᵐboro-k;ᵐboro-k;ᵐboro-ŋ;ᵐboro-ŋ;ᵐba-ᵑk	U+1d50 U+0062
ᵐp	ⁿp	P	405	151	ᵐpatu-;ᵐporo-;ᵐpatu-;ᵐpatu-;ᵐpero-	U+1d50 U+0070
ⁿb	ⁿb	P	2	NULL	eteⁿbana;ruxiⁿbetne-n	NULL
ʰᵐb	ⁿb̥	P	2	NULL	-aʰᵐbel;-aʰᵐbel	NULL
ᵇdʳ	bdʳ	P	1	NULL	-ⁿdʳemᵇdʳem	NULL
ᵐbʳ	ⁿbʳ	P	1	NULL	-tˢetˢᵐbʳi	NULL
ᵐbʷ	ⁿbʷ	P	309	216	ᵐbʷatu-k;ᵐbʷatu-k;ᵐbʷati-ŋ;ᵐbʷatø-ŋ;ᵐbʷatu-k	U+1d50 U+0062 U+02b7
ᵐpʷ	ⁿpʷ	P	2	NULL	na-ᵐpʷokasi;kiliŋa_ᵐpʷe	NULL
ᵐʰb	ⁿb̺	P	4	3	ᵐʰbaɣeo;ᵐʰbeᵐʰbe;ᵐʰbeᵐʰbe;aᵐʰba-	U+0061 U+1d50 U+02b0
r	ɾ	R	11515	11245	ᵏpʷoro-k;kʷœrœ-k;ᵏpʷoro-k;kʷoro-k;na-ᵏpʷuru-k	U+0072
ř	r	R	41	39	nřaliŋa-ku;nřalo-;řaŋaha-ku;puřo-ku;mařawu-ᵑku	U+0159
rʷ	ɾʷ	R	1	NULL	rʷɛr	NULL
rˢ	ɾˢ	R	1	NULL	rˢalo	NULL
r̃	ɾ̞	R	35	34	pʷer̃o;per̃o;ur̃u-;r̃li-;r̃əli-	U+0072 U+0303
r̥	ɾ̥	R	67	67	no-r̥imu-ŋ;r̥iβo-ŋ;r̥umo-ᵑk;r̥iβo-ᵑk;r̥ewe-k	U+0072 U+0325
s	s	S	8388	7598	ŋusu-k;lisu-ku;lisu-ᵑgu;lisu-k;lisu-k	U+0073
z	z	S	55	52	bwozo-;dolo-mza-;zi-;wuzu-;mazəkaraβ-	U+007a
š	ʃ	S	13	13	no-iβinisnaiši;ntšana-;ni-muši;fuš;nə-meriše	U+0161
ž	ʒ	S	3	10	n-dži-n;uža;n-džar	U+017e
ss	sː	S	9	9	na-ssu-k;ɛssi;assaru;ssye-;marapopossu	U+0073 U+0073
d	d	T	273	814	delŋo-k;mudu-k;ne-dɛlŋɛ-k;ni-mdi-k;delŋo-k	U+0064
t	t	T	11287	11131	kʷuti-k;toiŋo-k;miti-k;kʷutu-k;kʷutu-k	U+0074
č	tʃ	T	807	803	ᵏpʷiči-k;buču-k;čalna-ku;puču-ŋ;čomro-ᵐbatu-k	U+010d
ǰ	dʒ	T	11	11	nǰapa;nǰapa;yonǰulu;yœnǰul;yœnǰulu	U+01f0
ḍ	ɖ	T	20	30	uḍu-;ḍolo-;ḍano_na_mata-;taoḍu;uḍu-	U+1e0d
ṭ	ʈ	T	12	12	uṭu;aṭalo-;ṭom̈i-;ṭae-;ṭiṭiu	U+1e6d
dʳ	dʳ	T	44	298	dʳeleŋa-k;dʳu-k;n-kandʳo-k;ᵑgandʳo-k;dʳolo-k	U+0064 U+02b3
tt	tː	T	8	9	ɣitteye;βa-ttas;wattek;βa-tatta;nɒttu	U+0074 U+0074
tʰ	tʰ	T	3	3	tʰai;tʰailaŋi;tʰano	U+0074 U+02b0
tʳ	tʳ	T	77	76	tʳalna-ku;utʳu-ku;tʳolo-ku;n-ᵐbtʳalo-m;ne-tʳo-ᵑk	U+0074 U+02b3
tʷ	tʷ	T	1	2	patʷiliu	U+0074 U+02b7
čʰ	tʃʰ	T	1	NULL	mačʰiaβʷaβu	NULL
ⁿd	ⁿd	T	1212	667	ⁿdelŋo-k;muⁿd-k;ⁿdœlnœ-k;müⁿdü-k;miⁿdi-k	U+207f U+0064
ⁿḍ	ⁿɖ	T	25	13	uⁿḍu-;ⁿḍomi;aⁿḍui-;ⁿḍae-;ⁿḍaleβete	U+207f U+1e0d
tˢʰ	tʃ	T	11	NULL	tˢʰnu-m;ntˢʰa-;fulumtˢʰna-m;na-tˢʰi;ⁿdžətˢʰelwərən	NULL
ⁿdž	ⁿdʒ	T	7	NULL	ⁿdžoŋo-n;ⁿdželɣe-n;ⁿdžəne-n;ⁿdžətˢʰelwərən;ⁿdžal	NULL
ⁿdʳ	ⁿdʳ	T	462	208	ⁿdʳlna-k;ⁿdʳlne-k;uⁿdʳu-;uⁿdʳu-;uⁿdʳu-k	U+207f U+0064 U+02b3
ⁿdʷ	ⁿdʷ	T	1	NULL	ⁿdʷu-	NULL
o	o	U	12754	12309	toiŋo-k;toiŋo-k;delŋo-k;ⁿdelŋo-k;ᵏpʷoro-k	U+006f
ö	ø	U	38	38	parö-n;ⁿdrarö-ŋ;na-möre-n;parβusö-n;na-βiⁿdröma-ŋ	U+00f6
ø	ø	U	47	40	ᵐbʷatø-ŋ;hansø-ŋ;n-øl-;n-øl_œβɛhɒ-;søsø-ŋ	U+00f8
œ	œ	U	1084	1012	ⁿdœlnœ-k;ⁿdœlnœ-k;kʷœtü-k;kʷœrœ-k;kʷœrœ-k	U+0153
ɔ	ɔ	U	197	188	kɔliŋɔ-ku;kɔliŋɔ-ku;ɔnnɔ-ˀu;ɔnnɔ-ˀu;nunɔ-ˀu	U+0254
o:	oː	U	1	NULL	tˢo:tˢo	NULL
oo	oː	U	3	4	loono-lima;woo-ᵑgu;ᵐboor	U+006f U+006f
o·	oˑ	U	2	NULL	no·p;to·pu	NULL
o̥	o̥	U	6	6	a-tano̥;yato̥;maliatano̥;keiko̥;kaiko̥	U+006f U+0325
o‧	oˑ	U	40	NULL	mo‧-ˀu;to‧ro;natamo‧l;ma‧le_inalo‧;simo‧li	NULL
ɔ:	ɔː	U	5	4	pɔ:;xɔčɔ-pɔ:;mɔ:ˀe;fɔ:tal;wukɔ:	U+0254 U+003a
ɔː	ɔː	U	2	2	nɔːwɔː;nɔːwɔː	U+0254 U+02d0
ɔ‧	ɔˑ	U	11	NULL	fɔ‧wa;mɔ‧ru;laβɔ‧;mɔ-fɔ‧k;mɔ‧mansna	NULL
w	w	W	3055	2802	wulu-k;wuli-ŋ;war-lu-k;bwozo-;bwa-ŋsu-	U+0077
ʷ	w	W	1	NULL	βanua_uluʷou	NULL
w̥	w̥	W	40	33	nowotaw̥a;naw̥i-na-mta-k;naw̥æŋəni;nəw̥akən;nə-mʷalw̥al	U+0077 U+0325
ᵐw	ⁿw	W	2	2	a-ᵐwanai;ɣa-ᵐwosi	U+1d50 U+0077
u	u	Y	16762	16240	kʷuti-k;n-uyu-k;n-uyu-k;kʷutu-k;kʷutu-k	U+0075
ü	y	Y	223	163	müⁿdü-k;müⁿdü-k;kʷœtü-k;βülü-k;βülü-k	U+00fc
uu	uː	Y	0	12		U+0075 U+0075
u̥	u̥	Y	6	6	namu̥;pur-mæru̥;mʷolasu̥;tamorelu̥;etelu̥	U+0075 U+0325
u‧	uˑ	Y	58	NULL	hu‧;yu‧;tukuᵐbu‧;n-u‧sin;ləlu‧ŋ	NULL
-	+	_	15504	21744	kʷuti-k;n-uyu-k;n-uyu-k;toiŋo-k;miti-k	U+002d
_	+	_	1274	NULL	ni-βil_pat-me;n-il_pəti-k;βilu_par-u;βilu_paru-mʷa;ilu_pʷa-u	NULL
-_	+	_	4	NULL	pisu-_lapa;ate-_gu;lima-_hi_matua-;lima-_hi_marau-	NULL
_-	+	_	49	NULL	ni_-ᵐboˀoi;i_-meremer;i_-metemet;i_-mamal;i_-metmet	NULL
a-‧	aˑ +	A _	4	NULL	na-‧ðai;na-‧di;na-‧ðasne;na-‧ðe	NULL