ID,Name,Glottocode,Glottolog_Name,ISO639P3code,Macroarea,Latitude,Longitude,Family,Locality,Comment,Number,Region,FullName,Collector,SubFamily,Group,SubGroup
hiw,Hiw,hiww1237,Hiw,hiw,Papunesia,-13.126367,166.584857,Austronesian,Torres Is.,,1,To,Hiw,D.T.Tryon/D.A.Rawcliffe,New Hebrides,North & Central New Hebrides,East New Hebrides
toga,Toga,loto1240,Lo-Toga,lht,Papunesia,-13.334872,166.634338,Austronesian,Torres Is.,,2,To,Toga,D.T.Tryon/D.A.Rawcliffe,New Hebrides,North & Central New Hebrides,East New Hebrides
lehali,Lehali,leha1243,Lehali,tql,Papunesia,-13.5043,167.332,Austronesian,Banks Is.,,3,Ba,Lehali,D.T.Tryon/D.A.Rawcliffe,New Hebrides,North & Central New Hebrides,East New Hebrides
lehalurup,Lehalurup,leha1244,Lehalurup,urr,Papunesia,-13.542726,167.343342,Austronesian,Banks Is.,,4,Ba,Lehalurup,D.T.Tryon/D.A.Rawcliffe,New Hebrides,North & Central New Hebrides,East New Hebrides
motlav,Motlav,motl1237,Mwotlap,mlv,Papunesia,-13.655015,167.706277,Austronesian,Banks Is.,,5,Ba,Motlav,D.T.Tryon,New Hebrides,North & Central New Hebrides,East New Hebrides
mota,Mota,mota1237,Mota,mtt,Papunesia,-13.835361,167.690924,Austronesian,Banks Is.,,6,Ba,Mota,D.T.Tryon/D.A.Rawcliffe,New Hebrides,North & Central New Hebrides,East New Hebrides
vatrata,Vatrata,vera1241,Vera'a,vra,Papunesia,-13.85181395,167.3958458,Austronesian,Banks Is.,,7,Ba,Vatrata,D.T.Tryon/D.A.Rawcliffe,New Hebrides,North & Central New Hebrides,East New Hebrides
sasar,Sasar,leme1238,Lemerig,lrz,Papunesia,-13.8072,167.39,Austronesian,Banks Is.,,8,Ba,Sasar,D.T.Tryon,New Hebrides,North & Central New Hebrides,East New Hebrides
vetumboso,Vetumboso,vetu1237,Vetumboso,,Papunesia,-13.90299,167.45138,Austronesian,Banks Is.,,9,Ba,Vetumboso,D.T.Tryon/D.A.Rawcliffe,New Hebrides,North & Central New Hebrides,East New Hebrides
mosina,Mosina,vure1239,Vurës,msn,Papunesia,-13.90547984,167.5015434,Austronesian,Banks Is.,,10,Ba,Mosina,D.T.Tryon,New Hebrides,North & Central New Hebrides,East New Hebrides
bek,Bek,leme1238,Lemerig,lrz,Papunesia,-13.739697,167.420676,Austronesian,Banks Is.,,11,Ba,Bek,D.T.Tryon,New Hebrides,North & Central New Hebrides,East New Hebrides
nume,Nume,nume1241,Nume,tgs,Papunesia,-14.20655937,167.5152028,Austronesian,Banks Is.,,12,Ba,Nume,D.T.Tryon/D.A.Rawcliffe,New Hebrides,North & Central New Hebrides,East New Hebrides
dorig,Dorig,weta1242,Dorig,wwo,Papunesia,-14.366666,167.545897,Austronesian,Banks Is.,,13,Ba,Dorig,D.T.Tryon,New Hebrides,North & Central New Hebrides,East New Hebrides
koro,Koro,koro1308,Koro-Olrat,krf,Papunesia,-14.35728954,167.4359024,Austronesian,Banks Is.,,14,Ba,Koro,D.T.Tryon,New Hebrides,North & Central New Hebrides,East New Hebrides
wetamut,Wetamut,weta1242,Dorig,wwo,Papunesia,-14.29383609,167.5913197,Austronesian,Banks Is.,,15,Ba,Wetamut,D.T.Tryon,New Hebrides,North & Central New Hebrides,East New Hebrides
lakona,Lakona,lako1245,Lakon,lkn,Papunesia,-14.29899,167.429382,Austronesian,Banks Is.,,16,Ba,Lakona,D.T.Tryon/D.A.Rawcliffe,New Hebrides,North & Central New Hebrides,East New Hebrides
merig,Merig,mwer1250,Mwerig,,Papunesia,-14.321628,167.794533,Austronesian,Banks Is.,,17,Ba,Merig,D.T.Tryon/D.A.Rawcliffe,New Hebrides,North & Central New Hebrides,East New Hebrides
merlav,Merlav,merl1237,Merlav,mrm,Papunesia,-14.450679,168.053527,Austronesian,Banks Is.,,18,Ba,Merlav,D.T.Tryon,New Hebrides,North & Central New Hebrides,East New Hebrides
marino,Marino,mari1426,Sunwadia,mrb,Papunesia,-14.970047,168.057941,Austronesian,Maewo,,19,Ma,Marino,D.A.Rawcliffe,New Hebrides,North & Central New Hebrides,East New Hebrides
peterara,Peterara,cent2058,Central Maewo,mwo,Papunesia,-15.0146180470212,168.067899990012,Austronesian,Maewo,,20,Ma,Peterara,D.T.Tryon,New Hebrides,North & Central New Hebrides,East New Hebrides
navenevene,Navenevene,baet1237,Baetora,btr,Papunesia,-15.0420987191013,168.071548300246,Austronesian,Maewo,,21,Ma,Navenevene,D.T.Tryon/D.A.Rawcliffe,New Hebrides,North & Central New Hebrides,East New Hebrides
tam,Tam,baet1237,Baetora,btr,Papunesia,-15.0842096481701,168.083616388036,Austronesian,Maewo,,22,Ma,Tam,D.A.Rawcliffe,New Hebrides,North & Central New Hebrides,East New Hebrides
nasawa,Nasawa,nasa1241,Nasawa,,Papunesia,-15.20185,168.11301,Austronesian,Maewo,,23,Ma,Nasawa,D.T.Tryon,New Hebrides,North & Central New Hebrides,East New Hebrides
narovorovo,Narovorovo,naro1250,Narovorovo,,Papunesia,-15.18568,168.10934,Austronesian,Maewo,,24,Ma,Narovorovo,D.A.Rawcliffe,New Hebrides,North & Central New Hebrides,East New Hebrides
baetora,Baetora,baet1237,Baetora,btr,Papunesia,-15.2840347277638,168.115311845247,Austronesian,Maewo,,25,Ma,Baetora,D.A.Rawcliffe,New Hebrides,North & Central New Hebrides,East New Hebrides
wailengi,Wailengi,east2443,East Ambae,omb,Papunesia,-15.36846100709,167.938131324713,Austronesian,Aoba,,26,Ao,Wailengi,D.T.Tryon,New Hebrides,North & Central New Hebrides,East New Hebrides
lolomatui,Lolomatui,east2443,East Ambae,omb,Papunesia,-15.2967893277431,167.908991705342,Austronesian,Aoba,,27,Ao,Lolomatui,D.T.Tryon,New Hebrides,North & Central New Hebrides,East New Hebrides
ngwatua,Ngwatua,west2513,West Ambae,nnd,Papunesia,-15.4379261564498,167.682233039023,Austronesian,Aoba,,28,Ao,Ngwatua,D.T.Tryon,New Hebrides,North & Central New Hebrides,East New Hebrides
lolsiwoi,Lolsiwoi,east2443,East Ambae,omb,Papunesia,-15.3523,167.89,Austronesian,Aoba,,29,Ao,Lolsiwoi,D.A.Rawcliffe,New Hebrides,North & Central New Hebrides,East New Hebrides
raga,Raga,hano1246,Hano,lml,Papunesia,-15.5432,168.167,Austronesian,Pentecost,,30,Pe,Raga,D.T.Tryon,New Hebrides,North & Central New Hebrides,East New Hebrides
apma,Apma,apma1240,Apma,app,Papunesia,-15.6765365541085,168.210838663468,Austronesian,Pentecost,,31,Pe,Apma,D.T.Tryon,New Hebrides,North & Central New Hebrides,East New Hebrides
seke,Seke,seke1241,Seke (Vanuatu),ske,Papunesia,-15.8839,168.197,Austronesian,Pentecost,,32,Pe,Seke,D.T.Tryon,New Hebrides,North & Central New Hebrides,East New Hebrides
sa,Sa,saaa1241,Sa,sax,Papunesia,-15.9534,168.228,Austronesian,Pentecost,,33,Pe,Sa,D.T.Tryon,New Hebrides,North & Central New Hebrides,East New Hebrides
sowa,Sowa,sowa1244,Sowa,sww,Papunesia,-15.82653,168.18653,Austronesian,Pentecost,,34,Pe,Sowa,D.S.Walsh,New Hebrides,North & Central New Hebrides,East New Hebrides
hukua,Hukua,valp1237,Valpei,vlp,Papunesia,-14.712,166.606,Austronesian,Santo,,35,,Hukua,D.T.Tryon,New Hebrides,North & Central New Hebrides,West Santo
valpei,Valpei,valp1237,Valpei,vlp,Papunesia,-14.76929031107209,166.5666375,Austronesian,Santo,,36,,Valpei,D.T.Tryon,New Hebrides,North & Central New Hebrides,West Santo
nokuku,Nokuku,noku1237,Nokuku,nkk,Papunesia,-14.93180161,166.5923126,Austronesian,Santo,,37,,Nokuku,D.T.Tryon,New Hebrides,North & Central New Hebrides,West Santo
tasmate,Tasmate,tasm1246,Tasmate,tmt,Papunesia,-15.14706553,166.6443404,Austronesian,Santo,,38,,Tasmate,D.T.Tryon,New Hebrides,North & Central New Hebrides,West Santo
wusivalui,Wusi-Valui,wusi1237,Kula (Vanuatu),wsi,Papunesia,-15.2786,166.696,Austronesian,Santo,,39,,Wusi-Valui,D.T.Tryon,New Hebrides,North & Central New Hebrides,West Santo
wusimana,Wusi-Mana,wusi1237,Kula (Vanuatu),wsi,Papunesia,-15.2786,166.696,Austronesian,Santo,,40,,Wusi-Mana,D.T.Tryon,New Hebrides,North & Central New Hebrides,West Santo
kerepua,Kerepua,wusi1237,Kula (Vanuatu),wsi,Papunesia,-15.2786,166.696,Austronesian,Santo,,41,,Kerepua,B.Bomo,New Hebrides,North & Central New Hebrides,West Santo
vunapu,Vunapu,vuna1239,Vunapu,vnp,Papunesia,-14.7825707048755,166.695911029183,Austronesian,Santo,,42,,Vunapu,J.Guy,New Hebrides,North & Central New Hebrides,West Santo
piamatsina,Piamatsina,piam1242,Piamatsina,ptr,Papunesia,-14.8552301861272,166.760333649255,Austronesian,Santo,,43,,Piamatsina,J.Guy,New Hebrides,North & Central New Hebrides,West Santo
tolomako,Tolomako,tolo1255,Tolomako,tlm,Papunesia,-15.1510004391464,166.820397133684,Austronesian,Santo,,44,,Tolomako,J.Guy,New Hebrides,North & Central New Hebrides,West Santo
malmariv,Malmariv,tial1239,Tiale,mnl,Papunesia,-15.2334,166.842,Austronesian,Santo,,45,,Malmariv,J.Guy,New Hebrides,North & Central New Hebrides,West Santo
nonona,Nonona,wusi1237,Kula (Vanuatu),wsi,Papunesia,-15.379842978715,166.771362956096,Austronesian,Santo,,46,,Nonona,J.Guy,New Hebrides,North & Central New Hebrides,West Santo
navut,Navut,navu1237,Navut,nsw,Papunesia,-15.3989945065584,166.7791802792,Austronesian,Santo,,47,,Navut,J.Guy,New Hebrides,North & Central New Hebrides,West Santo
lametin,Lametin,mere1242,Merei,lmb,Papunesia,-15.2839,166.905,Austronesian,Santo,,48,,Lametin,J.Guy,New Hebrides,North & Central New Hebrides,West Santo
morouas,Morouas,moro1286,Ande,mrp,Papunesia,-15.3645861843604,166.914861477685,Austronesian,Santo,,49,,Morouas,J.Guy,New Hebrides,North & Central New Hebrides,West Santo
batunlamak,Batunlamak,moro1286,Ande,mrp,Papunesia,-15.4795417773077,166.981668169005,Austronesian,Santo,,50,,Batunlamak,J.Guy,New Hebrides,North & Central New Hebrides,West Santo
matae,Matae,navu1237,Navut,nsw,Papunesia,-15.4198442928265,166.780831667971,Austronesian,Santo,,51,,Matae,J.Guy,New Hebrides,North & Central New Hebrides,West Santo
akei,Akei,akei1237,Akei,tsr,Papunesia,-15.4602615541585,166.775018298723,Austronesian,Santo,,52,,Akei,J.Guy,New Hebrides,North & Central New Hebrides,West Santo
fortsenal,Fortsenal,fort1240,Kiai,frt,Papunesia,-15.506237393099,166.905081166701,Austronesian,Santo,,53,,Fortsenal,J.Guy,New Hebrides,North & Central New Hebrides,West Santo
penantsiro,Penantsiro,akei1237,Akei,tsr,Papunesia,-15.539360619858,166.925473584681,Austronesian,Santo,,54,,Penantsiro,J.Guy,New Hebrides,North & Central New Hebrides,West Santo
tasiriki,Tasiriki,akei1237,Akei,tsr,Papunesia,-15.6377,166.767,Austronesian,Santo,,55,,Tasiriki,D.T.Tryon,New Hebrides,North & Central New Hebrides,West Santo
wailapa,Wailapa,wail1242,Ale,wlr,Papunesia,-15.5813742773302,166.933444472859,Austronesian,Santo,,56,,Wailapa,D.T.Tryon,New Hebrides,North & Central New Hebrides,West Santo
roria,Roria,rori1237,Mores,rga,Papunesia,-15.425496285782,166.862617882633,Austronesian,Santo,,57,,Roria,J.Guy,New Hebrides,North & Central New Hebrides,West Santo
amblong,Amblong,ambl1237,Amblong,alm,Papunesia,-15.53939708393,166.994252804102,Austronesian,Santo,,58,,Amblong,A.L.Jackson,New Hebrides,North & Central New Hebrides,West Santo
narango,Narango,nara1263,Narango,nrg,Papunesia,-15.5579157998599,166.993689125454,Austronesian,Santo,,59,,Narango,D.T.Tryon,New Hebrides,North & Central New Hebrides,West Santo
polonombauk,Polonombauk,polo1242,Polonombauk,plb,Papunesia,-15.5150053060469,167.10641693993,Austronesian,Santo,,60,,Polonombauk,D.T.Tryon,New Hebrides,East Santo,South-East Santo
butmas,Butmas,butm1237,Farafi,bnr,Papunesia,-15.3353,167.034,Austronesian,Santo,,61,,Butmas,A.L.Jackson,New Hebrides,East Santo,South-East Santo
tur,Tur,butm1237,Farafi,bnr,Papunesia,-15.3923302762479,167.029602293738,Austronesian,Santo,,62,,Tur,A.L.Jackson,New Hebrides,East Santo,South-East Santo
nambel,Nambel,nara1263,Narango,nrg,Papunesia,-15.4544806623895,167.106103989567,Austronesian,Santo,,63,,Nambel,J.Guy,New Hebrides,North & Central New Hebrides,West Santo
tambotalo,Tambotalo,tamb1253,Tambotalo,tls,Papunesia,-15.4824040332327,167.113336531803,Austronesian,Santo,,64,,Tambotalo,J.Guy,New Hebrides,North & Central New Hebrides,West Santo
sakao,Sakao,saka1289,Wanohe,sku,Papunesia,-15.0490474108114,167.071003679487,Austronesian,Santo,,65,,Sakao,J.Guy,New Hebrides,East Santo,Sakao
lorediakarkar,Lorediakarkar,lore1244,Nethalp,lnn,Papunesia,-15.2338405671347,167.15238768346,Austronesian,Santo,,66,,Lorediakarkar,J.Guy,New Hebrides,East Santo,South-East Santo
sharkbayi,Shark Bay I,shar1244,Ngen,ssv,Papunesia,-15.255284,167.138859,Austronesian,Santo,,67,,Shark Bay I,J.Guy,New Hebrides,East Santo,South-East Santo
sharkbayii,Shark Bay II,shar1244,Ngen,ssv,Papunesia,-15.255284,167.138859,Austronesian,Santo,,68,,Shark Bay II,D.T.Tryon,New Hebrides,East Santo,South-East Santo
mafea,Mafea,mafe1237,Mafea,mkv,Papunesia,-15.4316,167.241,Austronesian,Santo,,69,,Mafea,J.Guy,New Hebrides,North & Central New Hebrides,West Santo
tutuba,Tutuba,tutu1241,Tutuba,tmi,Papunesia,-15.580667,167.268889,Austronesian,Santo,,70,,Tutuba,J.Guy,New Hebrides,North & Central New Hebrides,West Santo
aore,Aore,aore1237,Aore,aor,Papunesia,-15.5753,167.166,Austronesian,Santo,,71,,Aore,J.Guy,New Hebrides,North & Central New Hebrides,West Santo
malonorth,Malo North,malo1243,Tamambo,mla,Papunesia,-15.6835,167.16,Austronesian,Malo,,72,,Malo North,J.Guy,New Hebrides,North & Central New Hebrides,West Santo
malosouth,Malo South,malo1243,Tamambo,mla,Papunesia,-15.6835,167.16,Austronesian,Malo,,73,,Malo South,J.Guy,New Hebrides,North & Central New Hebrides,West Santo
tangoa,Tangoa,tang1347,Movono,tgp,Papunesia,-15.6129934561443,167.030319980825,Austronesian,Santo,,74,,Tangoa,J.Guy,New Hebrides,North & Central New Hebrides,West Santo
araki,Araki,arak1252,Araki,akr,Papunesia,-15.6282410238115,166.952469820401,Austronesian,Santo,,75,,Araki,D.T.Tryon,New Hebrides,North & Central New Hebrides,West Santo
axamb,Axamb,axam1237,Axamb,ahb,Papunesia,-16.5179618026664,167.65349146808,Austronesian,Malekula,,76,,Axamb,D.T.Tryon,New Hebrides,North & Central New Hebrides,Malekula Coastal
letemboi,Letemboi,lete1241,Letemboi-Repanbitip,nms,Papunesia,-16.4195911019389,167.597652337063,Austronesian,Malekula,,77,,Letemboi,J.M.Charpentier,New Hebrides,Malekula Interior,Small Nambas
maxbaxo,Maxbaxo,avok1244,Avok,,Papunesia,-16.5113095154736,167.706468376415,Austronesian,Malekula,,78,,Maxbaxo,D.T.Tryon,New Hebrides,North & Central New Hebrides,Malekula Coastal
avok,Avok,avok1244,Avok,,Papunesia,-16.5412658970696,167.786037603039,Austronesian,Malekula,,79,,Avok,D.T.Tryon,New Hebrides,North & Central New Hebrides,Malekula Coastal
maskelynes,Maskelynes,mask1242,Maskelynes,klv,Papunesia,-16.5373789318227,167.850649075278,Austronesian,Malekula,,80,,Maskelynes,D.T.Tryon,New Hebrides,North & Central New Hebrides,Malekula Coastal
portsandwich,Port Sandwich,port1285,Port Sandwich,psw,Papunesia,-16.4410617299729,167.786304428957,Austronesian,Malekula,,81,,Port Sandwich,D.T.Tryon,New Hebrides,North & Central New Hebrides,Malekula Coastal
burmbar,Burmbar,burm1263,Burmbar,vrt,Papunesia,-16.3844652035323,167.780501043035,Austronesian,Malekula,,82,,Burmbar,D.T.Tryon,New Hebrides,North & Central New Hebrides,Malekula Coastal
lepaxsivir,Lepaxsivir,burm1263,Burmbar,vrt,Papunesia,-16.41653,167.73124,Austronesian,Malekula,,83,,Lepaxsivir,D.T.Tryon,New Hebrides,North & Central New Hebrides,Malekula Coastal
vartavo,Vartavo,burm1263,Burmbar,vrt,Papunesia,-16.41653,167.73124,Austronesian,Malekula,,84,,Vartavo,D.T.Tryon,New Hebrides,North & Central New Hebrides,Malekula Coastal
aulua,Aulua,aulu1238,Aulua,aul,Papunesia,-16.311491400016,167.691051344588,Austronesian,Malekula,,85,,Aulua,D.T.Tryon,New Hebrides,North & Central New Hebrides,Malekula Coastal
repanbitip,Repanbitip,repa1237,Repanbitip,rpn,Papunesia,-16.3265,167.619,Austronesian,Malekula,,86,,Repanbitip,D.T.Tryon,New Hebrides,Malekula Interior,Small Nambas
rerep,Rerep,rere1240,Rerep,pgk,Papunesia,-16.2691483066458,167.678237310535,Austronesian,Malekula,,87,,Rerep,D.T.Tryon,New Hebrides,North & Central New Hebrides,Malekula Coastal
unua,Unua,unua1237,Unua,onu,Papunesia,-16.2314138805245,167.603322947486,Austronesian,Malekula,,88,,Unua,D.T.Tryon,New Hebrides,North & Central New Hebrides,Malekula Coastal
timbembe,Timbembe,katb1237,Avava,tmb,Papunesia,-16.1797827994182,167.531974929801,Austronesian,Malekula,,89,,Timbembe,D.T.Tryon,New Hebrides,Malekula Interior,Malekula Central
lingarak,Lingarak,ling1265,Neverver,lgk,Papunesia,-16.1986,167.499,Austronesian,Malekula,,90,,Lingarak,D.T.Tryon,New Hebrides,Malekula Interior,Malekula Central
katbol,Katbol,katb1237,Avava,tmb,Papunesia,-16.1576907665386,167.425499272372,Austronesian,Malekula,,91,,Katbol,D.T.Tryon,New Hebrides,Malekula Interior,Malekula Central
litzlitz,Litzlitz,litz1237,Naman,lzl,Papunesia,-16.1160323466577,167.449033893529,Austronesian,Malekula,,92,,Litzlitz,D.T.Tryon,New Hebrides,Malekula Interior,Malekula Central
uri,Uri,urip1239,Uripiv-Wala-Rano-Atchin,upv,Papunesia,-16.0936259350607,167.45848101589,Austronesian,Malekula,,93,,Uri,D.T.Tryon,New Hebrides,North & Central New Hebrides,Malekula Coastal
uripiv,Uripiv,urip1239,Uripiv-Wala-Rano-Atchin,upv,Papunesia,-16.0704696073022,167.448405123831,Austronesian,Malekula,,94,,Uripiv,D.T.Tryon,New Hebrides,North & Central New Hebrides,Malekula Coastal
tautu,Tautu,urip1239,Uripiv-Wala-Rano-Atchin,upv,Papunesia,-16.0703218873372,167.409694516657,Austronesian,Malekula,,95,,Tautu,D.T.Tryon,New Hebrides,North & Central New Hebrides,Malekula Coastal
maragus,Maragus,mara1399,Maragus,mrs,Papunesia,-16.0770022051878,167.36954607934,Austronesian,Malekula,,96,,Maragus,D.T.Tryon,New Hebrides,Malekula Interior,Malekula Central
pinalum,Pinalum,urip1239,Uripiv-Wala-Rano-Atchin,upv,Papunesia,-16.0124870035975,167.405941014166,Austronesian,Malekula,,97,,Pinalum,D.T.Tryon,New Hebrides,North & Central New Hebrides,Malekula Coastal
wala,Wala,urip1239,Uripiv-Wala-Rano-Atchin,upv,Papunesia,-15.9716293874471,167.378830275793,Austronesian,Malekula,,98,,Wala,D.T.Tryon,New Hebrides,North & Central New Hebrides,Malekula Coastal
rano,Rano,urip1239,Uripiv-Wala-Rano-Atchin,upv,Papunesia,-15.9889182585707,167.394538699071,Austronesian,Malekula,,99,,Rano,D.T.Tryon,New Hebrides,North & Central New Hebrides,Malekula Coastal
orap,Orap,maee1241,Tirax,mme,Papunesia,-15.9898473343149,167.356646522382,Austronesian,Malekula,,100,,Orap,D.T.Tryon,New Hebrides,North & Central New Hebrides,Malekula Coastal
atchin,Atchin,urip1239,Uripiv-Wala-Rano-Atchin,upv,Papunesia,-15.9432625268067,167.341440093465,Austronesian,Malekula,,101,,Atchin,D.T.Tryon,New Hebrides,North & Central New Hebrides,Malekula Coastal
vao,Vao,vaoo1237,Vao-Vovo,vao,Papunesia,-15.898299,167.309973,Austronesian,Malekula,,102,,Vao,D.T.Tryon,New Hebrides,North & Central New Hebrides,Malekula Coastal
mpotovoro,Mpotovoro,mpot1241,Mpotovoro,mvt,Papunesia,-15.8988,167.232,Austronesian,Malekula,,103,,Mpotovoro,G.Fox,New Hebrides,North & Central New Hebrides,Malekula Coastal
mae,Mae,maee1241,Tirax,mme,Papunesia,-16.0097898473407,167.375109407566,Austronesian,Malekula,,104,,Mae,D.T.Tryon,New Hebrides,North & Central New Hebrides,Malekula Coastal
vovo,Vovo,vaoo1237,Vao-Vovo,vao,Papunesia,-15.9092362724105,167.180516531919,Austronesian,Malekula/Epi,,105,,Vovo,D.T.Tryon,New Hebrides,North & Central New Hebrides,Malekula Coastal
petarmur,Petarmur,malu1245,Malua-Tepërav,mll,Papunesia,-15.9335586872791,167.180060343491,Austronesian,Malekula,,106,,Petarmur,G.Fox,New Hebrides,North & Central New Hebrides,Malekula Coastal
maluabay,Malua Bay,malu1245,Malua-Tepërav,mll,Papunesia,-15.9813,167.208,Austronesian,Malekula,,107,,Malua Bay,D.T.Tryon,New Hebrides,North & Central New Hebrides,Malekula Coastal
leviamp,Leviamp,bign1238,Big Nambas,nmb,Papunesia,-16.1518563576426,167.234159459792,Austronesian,Malekula,,108,,Leviamp,D.T.Tryon,New Hebrides,Malekula Interior,Malekula Central
unmet,Unmet,bign1238,Big Nambas,nmb,Papunesia,-16.1076827697848,167.315108290264,Austronesian,Malekula,,109,,Unmet,D.T.Tryon,New Hebrides,Malekula Interior,Malekula Central
larevat,Larevat,lare1249,Larevat,lrv,Papunesia,-16.1971,167.387,Austronesian,Malekula,,110,,Larevat,D.T.Tryon,New Hebrides,Malekula Interior,Malekula Central
vinmavis,Vinmavis,vinm1237,Neve'ei,vnm,Papunesia,-16.2253,167.427,Austronesian,Malekula,,111,,Vinmavis,D.T.Tryon,New Hebrides,Malekula Interior,Malekula Central
dixonreefi,Dixon Reef I,dixo1238,Dixon Reef,dix,Papunesia,-16.3439306298826,167.395564189333,Austronesian,Malekula,,112,,Dixon Reef I,G.Fox,New Hebrides,Malekula Interior,Small Nambas
dixonreefii,Dixon Reef II,dixo1238,Dixon Reef,dix,Papunesia,-16.3439306298826,167.395564189333,Austronesian,Malekula,probably what Tryon calls Nasarian in the overview,113,Ma,Dixon Reef II,J.M.Charpentier,New Hebrides,Malekula Interior,Small Nambas
lembinwen,Lembinwen,sout2857,Nahavaq,sns,Papunesia,-16.5152155076037,167.420260488263,Austronesian,Malekula,,114,Ma,Lembinwen,D.T.Tryon,New Hebrides,North & Central New Hebrides,Malekula Coastal
benour,Benour,sout2857,Nahavaq,sns,Papunesia,-16.4941120682098,167.420775467068,Austronesian,Malekula,,115,Ma,Benour,D.T.Tryon,New Hebrides,North & Central New Hebrides,Malekula Coastal
labo,Labo,labo1244,Ninde,mwi,Papunesia,-16.4291,167.442,Austronesian,Malekula,,116,Ma,Labo,D.T.Tryon,New Hebrides,Malekula Interior,Labo
windua,Windua,labo1244,Ninde,mwi,Papunesia,-16.4767141911666,167.445620875249,Austronesian,Malekula,,117,Ma,Windua,D.T.Tryon,New Hebrides,Malekula Interior,Labo
malfaxal,Malfaxal,malf1237,Na'ahai,mlx,Papunesia,-16.5499,167.509,Austronesian,Malekula,,118,Ma,Malfaxal,D.T.Tryon,New Hebrides,North & Central New Hebrides,Malekula Coastal
ranon,Ranon,nort2839,North Ambrym,mmg,Papunesia,-16.1741,168.14,Austronesian,Ambrym,,119,Am,Ranon,D.T.Tryon,New Hebrides,North & Central New Hebrides,East New Hebrides
fonah,Fonah,nort2839,North Ambrym,mmg,Papunesia,-16.1048495440112,168.172197224407,Austronesian,Ambrym,,120,Am,Fonah,D.T.Tryon,New Hebrides,North & Central New Hebrides,East New Hebrides
fali,Fali,lonw1238,Lonwolwol,crc,Papunesia,-16.2286,168.016,Austronesian,Ambrym,,121,Am,Fali,D.T.Tryon,New Hebrides,North & Central New Hebrides,East New Hebrides
baiap,Baiap,daka1243,Dakaka,bpa,Papunesia,-16.266141479219,167.945266148187,Austronesian,Ambrym,,122,Am,Baiap,D.T.Tryon,New Hebrides,North & Central New Hebrides,East New Hebrides
sesivi,Sesivi,sesi1237,Sesivi,,Papunesia,-16.30603,167.98469,Austronesian,Ambrym,,123,Am,Sesivi,D.T.Tryon,New Hebrides,North & Central New Hebrides,East New Hebrides
portvato,Port Vato,port1286,Daakie,ptv,Papunesia,-16.3083,168.046,Austronesian,Ambrym,,124,Am,Port Vato,D.T.Tryon,New Hebrides,North & Central New Hebrides,East New Hebrides
toak,Toak,toak1237,Toak,,Papunesia,-16.33785,168.29499,Austronesian,Ambrym,,125,Am,Toak,D.T.Tryon,New Hebrides,North & Central New Hebrides,East New Hebrides
maat,Maat,sout2859,Southeast Ambrym,tvk,Papunesia,-16.2975,168.211,Austronesian,Ambrym,,126,Am,Maat,D.T.Tryon,New Hebrides,North & Central New Hebrides,East New Hebrides
lironesa,Lironesa,paam1238,Paama,pma,Papunesia,-16.47548,168.23693,Austronesian,Paama,,127,Pa,Lironesa,D.T.Tryon,New Hebrides,North & Central New Hebrides,East New Hebrides
faulili,Faulili,paam1238,Paama,pma,Papunesia,-16.5116730331248,168.23298096579,Austronesian,Paama,,128,Pa,Faulili,D.T.Tryon,New Hebrides,North & Central New Hebrides,East New Hebrides
laul,Laul,paam1238,Paama,pma,Papunesia,-16.7033009623272,168.264387559648,Austronesian,Paama,Actually on Epi; refugees from Paama (Lopevi),129,Pa,Laul,D.T.Tryon,New Hebrides,North & Central New Hebrides,East New Hebrides
lamenu,Lamenu,lame1260,Lamenu,lmu,Papunesia,-16.5886345675964,168.130628675049,Austronesian,Epi,,130,Ep,Lamenu,D.T.Tryon,New Hebrides,North & Central New Hebrides,Epi
visina,Visina,lame1260,Lamenu,lmu,Papunesia,-16.569935818541,168.178380169464,Austronesian,Epi,,131,Ep,Visina,D.T.Tryon,New Hebrides,North & Central New Hebrides,Epi
mapremo,Mapremo,lame1260,Lamenu,lmu,Papunesia,-16.6099133742459,168.161558568072,Austronesian,Epi,,132,Ep,Mapremo,D.T.Tryon,New Hebrides,North & Central New Hebrides,Epi
nikaura,Nikaura,lame1260,Lamenu,lmu,Papunesia,-16.6076108365995,168.217213410351,Austronesian,Epi,,133,Ep,Nikaura,D.T.Tryon,New Hebrides,North & Central New Hebrides,Epi
nuvi,Nuvi,lame1260,Lamenu,lmu,Papunesia,-16.6355003292779,168.224782838,Austronesian,Epi,,134,Ep,Nuvi,D.T.Tryon,New Hebrides,North & Central New Hebrides,Epi
mate,Mate,lewo1242,Lewo,lww,Papunesia,-16.7024033682696,168.319690217822,Austronesian,Epi,,135,Ep,Mate,D.T.Tryon,New Hebrides,North & Central New Hebrides,Epi
nul,Nul,lewo1242,Lewo,lww,Papunesia,-16.6827779254738,168.30580721501,Austronesian,Epi,,136,Ep,Nul,D.T.Tryon,New Hebrides,North & Central New Hebrides,Epi
filakara,Filakara,lewo1242,Lewo,lww,Papunesia,-16.8040289260551,168.467752419668,Austronesian,Epi,,137,Ep,Filakara,D.T.Tryon,New Hebrides,North & Central New Hebrides,Epi
tavio,Tavio,bier1244,Bierebo,bnk,Papunesia,-16.6763910410009,168.241734303278,Austronesian,Epi,,138,Ep,Tavio,D.T.Tryon,New Hebrides,North & Central New Hebrides,Epi
bonkovia,Bonkovia,bier1244,Bierebo,bnk,Papunesia,-16.7205387605292,168.145336481244,Austronesian,Epi,,139,Ep,Bonkovia,D.T.Tryon,New Hebrides,North & Central New Hebrides,Epi
burupika,Burupika,bier1244,Bierebo,bnk,Papunesia,-16.6204040848939,168.188140064152,Austronesian,Epi,,140,Ep,Burupika,D.T.Tryon,New Hebrides,North & Central New Hebrides,Epi
yevali,Yevali,bier1244,Bierebo,bnk,Papunesia,-16.6229597431786,168.156847461123,Austronesian,Epi,,141,Ep,Yevali,D.T.Tryon,New Hebrides,North & Central New Hebrides,Epi
burumba,Burumba,baki1244,Baki,bki,Papunesia,-16.7096,168.165,Austronesian,Epi,,142,Ep,Burumba,D.T.Tryon,New Hebrides,North & Central New Hebrides,Epi
maemorae,Mae-Morae,maii1238,Maii,mmm,Papunesia,-16.7388,168.211,Austronesian,Epi,,143,Ep,Mae-Morae,D.T.Tryon,New Hebrides,North & Central New Hebrides,Epi
vowa,Vowa,bier1246,Bieria,brj,Papunesia,-16.7873867237431,168.171924350045,Austronesian,Epi,called Vovo in the overview,144,Ep,Vowa,D.T.Tryon,New Hebrides,North & Central New Hebrides,Epi
bonga,Bonga.,nama1268,Namakura,nmk,Papunesia,-16.9266234230186,168.558806787722,Austronesian,Shepherd Is.,,145,Sh,Bongabonga,D.T.Tryon,New Hebrides,North & Central New Hebrides,Central New Hebrides
tonga,Tonga.,tong1322,Tongariki Island,,Papunesia,-17.00607,168.62417,Austronesian,Shepherd Is.,,146,Sh,Tongariki,D.T.Tryon,New Hebrides,North & Central New Hebrides,Central New Hebrides
makura,Makura,maku1276,Makura,,Papunesia,-17.13117,168.43178,Austronesian,Shepherd Is.,,147,Sh,Makura,D.T.Tryon,New Hebrides,North & Central New Hebrides,Central New Hebrides
mataso,Mataso,mata1250,Mataso,,Papunesia,-17.25681,168.42964,Austronesian,Shepherd Is.,,148,Sh,Mataso,D.T.Tryon,New Hebrides,North & Central New Hebrides,Central New Hebrides
makatea,Makatea,emae1237,Emae,mmw,Papunesia,-17.052,168.399,Austronesian,Shepherd Is.,,149,Sh,Makatea,D.T.Tryon,Polynesian,Polynesian Outlier,Polynesian Outlier
woraviu,Woraviu,nort2836,North Efate,llp,Papunesia,-16.8741107440895,168.587048992535,Austronesian,Shepherd Is.,,150,Sh,Woraviu,D.T.Tryon,New Hebrides,North & Central New Hebrides,Central New Hebrides
sesake,Sesake,sesa1243,Sesake,,Papunesia,-17.04374,168.39290,Austronesian,Shepherd Is.,,151,Sh,Sesake,D.T.Tryon,New Hebrides,North & Central New Hebrides,Central New Hebrides
nguna,Nguna,ngun1274,Nguna,,Papunesia,-17.46104,168.36187,Austronesian,Efate,,152,Ef,Nguna,D.T.Tryon,New Hebrides,North & Central New Hebrides,Central New Hebrides
pwele,Pwele,nort2836,North Efate,llp,Papunesia,-17.4907731193591,168.404931723407,Austronesian,Efate,,153,Ef,Pwele,G.W.Grace,New Hebrides,North & Central New Hebrides,Central New Hebrides
siviri,Siviri,nort2836,North Efate,llp,Papunesia,-17.5277833419922,168.320934625906,Austronesian,Efate,,154,Ef,Siviri,D.T.Tryon,New Hebrides,North & Central New Hebrides,Central New Hebrides
lelepa,Lelepa,lele1267,Lelepa,lpa,Papunesia,-17.6042,168.202,Austronesian,Efate,,155,Ef,Lelepa,D.T.Tryon,New Hebrides,North & Central New Hebrides,Central New Hebrides
pango,Pango,sout2856,Nafsan,erk,Papunesia,-17.7786750254133,168.263687155017,Austronesian,Efate,,156,Ef,Pango,D.T.Tryon,New Hebrides,North & Central New Hebrides,Central New Hebrides
eratap,Eratap,sout2856,Nafsan,erk,Papunesia,-17.7844057570127,168.398710851944,Austronesian,Efate,,157,Ef,Eratap,D.T.Tryon,New Hebrides,North & Central New Hebrides,Central New Hebrides
eton,Eton,eton1255,Eton (Vanuatu),etn,Papunesia,-17.74,168.549,Austronesian,Efate,,158,Ef,Eton,D.T.Tryon,New Hebrides,North & Central New Hebrides,Central New Hebrides
fila,Fila,fila1237,Fila,,Papunesia,-17.747931,168.296138,Austronesian,Efate,,159,Ef,Fila,D.T.Tryon,Polynesian,Polynesian Outlier,Polynesian Outlier
mele,Mele,mele1251,Mele,,Papunesia,-17.69099,168.26810,Austronesian,Efate,,160,Ef,Mele,D.T.Tryon,Polynesian,Polynesian Outlier,Polynesian Outlier
sie,Sie,siee1239,Sie,erg,Papunesia,-18.8481683301415,169.022748708369,Austronesian,Erromanga,,161,Er,Sie,D.T.Tryon,New Hebrides,Erromanga,Erromanga
ura,Ura,urav1235,Ura (Vanuatu),uur,Papunesia,-18.6747,169.084,Austronesian,Erromanga,,162,Er,Ura,A.Capell,New Hebrides,Erromanga,Erromanga
isiai,Isiai,kwam1252,Kwamera,tnk,Papunesia,-19.6187353295963,169.459391006324,Austronesian,Tanna,,163,Ta,Isiai,D.T.Tryon,New Hebrides,Tanna,Tanna
yatuk,Yatuk.,kwam1252,Kwamera,tnk,Papunesia,-19.5954,169.442,Austronesian,Tanna,,164,Ta,Yatukwey,D.T.Tryon,New Hebrides,Tanna,Tanna
portr,Port R.,kwam1252,Kwamera,tnk,Papunesia,-19.5262597985431,169.491124886077,Austronesian,Tanna,,165,Ta,Port Resolution,D.T.Tryon,New Hebrides,Tanna,Tanna
iarkei,Iarkei,whit1269,Whitesands,tnp,Papunesia,-19.4836889546783,169.42543929277,Austronesian,Tanna,,166,Ta,Iarkei,D.T.Tryon,New Hebrides,Tanna,Tanna
loniel,Loniel,whit1269,Whitesands,tnp,Papunesia,-19.4764650624339,169.386163158225,Austronesian,Tanna,,167,Ta,Loniel,D.T.Tryon,New Hebrides,Tanna,Tanna
northt,North T.,nort2847,North Tanna,tnn,Papunesia,-19.3733,169.303,Austronesian,Tanna,,168,Ta,North Tanna,D.T.Tryon,New Hebrides,Tanna,Tanna
lenakel,Lenakel,lena1238,Lenakel,tnl,Papunesia,-19.5137457263894,169.250325323056,Austronesian,Tanna,,169,Ta,Lenakel,J.D.Lynch,New Hebrides,Tanna,Tanna
lenau,Lenau.,lena1238,Lenakel,tnl,Papunesia,-19.376259760222,169.343215666012,Austronesian,Tanna,,170,Ta,Lenaukas,D.T.Tryon,New Hebrides,Tanna,Tanna
lonas,Lonas.,lena1238,Lenakel,tnl,Papunesia,-19.4390423751069,169.225933094408,Austronesian,Tanna,,171,Ta,Lonasilian,D.T.Tryon,New Hebrides,Tanna,Tanna
lapwang,Lapwang.,sout2869,Southwest Tanna,nwi,Papunesia,-19.4762901181984,169.349872188661,Austronesian,Tanna,,172,Ta,Lapwangtoai,D.T.Tryon,New Hebrides,Tanna,Tanna
imreang,Imreang,sout2869,Southwest Tanna,nwi,Papunesia,-19.5152937265809,169.314704003032,Austronesian,Tanna,,173,Ta,Imreang,D.T.Tryon,New Hebrides,Tanna,Tanna
ikiyau,Ikiyau,sout2869,Southwest Tanna,nwi,Papunesia,-19.5365059812251,169.420996241722,Austronesian,Tanna,,174,Ta,Ikiyau,D.T.Tryon,New Hebrides,Tanna,Tanna
enfit,Enfit.,sout2869,Southwest Tanna,nwi,Papunesia,-19.57953,169.35603,Austronesian,Tanna,,175,Ta,Enfitena,D.T.Tryon,New Hebrides,Tanna,Tanna
ikiti,Ikiti,sout2869,Southwest Tanna,nwi,Papunesia,-19.6462450963689,169.397249299121,Austronesian,Tanna,,176,Ta,Ikiti,D.T.Tryon,New Hebrides,Tanna,Tanna
aneityum,Aneityum,anei1239,Aneityum,aty,Papunesia,-20.1864,169.825,Austronesian,Aneityum,,177,,Aneityum,G.W.Grace,New Hebrides,Aneityum,Aneityum
aniwa,Aniwa,aniw1237,Aniwa,,Papunesia,-19.25407,169.60007,Austronesian,Aniwa,,178,,Aniwa,D.T.Tryon,Polynesian,Polynesian Outlier,Polynesian Outlier
futuna,Futuna,west2515,West Futuna,,Papunesia,-19.52582,170.21238,Austronesian,Futuna,,179,,Futuna,D.T.Tryon,Polynesian,Polynesian Outlier,Polynesian Outlier
